Product code,Station number,Year,Month,Monthly Precipitation Total (millimetres),Quality
IDCJAC0001,088123,1969,07,98.8,Y
IDCJAC0001,088123,1969,08,57.5,Y
IDCJAC0001,088123,1969,09,98.5,Y
IDCJAC0001,088123,1969,10,16.8,Y
IDCJAC0001,088123,1969,11,30.1,Y
IDCJAC0001,088123,1969,12,41.8,Y
IDCJAC0001,088123,1970,01,127.3,Y
IDCJAC0001,088123,1970,02,3.8,Y
IDCJAC0001,088123,1970,03,99.6,Y
IDCJAC0001,088123,1970,04,116.3,Y
IDCJAC0001,088123,1970,05,59.2,Y
IDCJAC0001,088123,1970,06,65.6,Y
IDCJAC0001,088123,1970,07,57.4,Y
IDCJAC0001,088123,1970,08,113.7,Y
IDCJAC0001,088123,1970,09,76.4,Y
IDCJAC0001,088123,1970,10,37.8,Y
IDCJAC0001,088123,1970,11,129.8,Y
IDCJAC0001,088123,1970,12,60.1,Y
IDCJAC0001,088123,1971,01,62.8,Y
IDCJAC0001,088123,1971,02,72.2,Y
IDCJAC0001,088123,1971,03,13.3,Y
IDCJAC0001,088123,1971,04,110.4,Y
IDCJAC0001,088123,1971,05,120.7,Y
IDCJAC0001,088123,1971,06,80.4,Y
IDCJAC0001,088123,1971,07,48.3,Y
IDCJAC0001,088123,1971,08,56.8,Y
IDCJAC0001,088123,1971,09,82.4,Y
IDCJAC0001,088123,1971,10,122.3,Y
IDCJAC0001,088123,1971,11,73.4,Y
IDCJAC0001,088123,1971,12,84.1,Y
IDCJAC0001,088123,1972,01,28.9,Y
IDCJAC0001,088123,1972,02,127.1,Y
IDCJAC0001,088123,1972,03,32.0,Y
IDCJAC0001,088123,1972,04,59.6,Y
IDCJAC0001,088123,1972,05,37.8,Y
IDCJAC0001,088123,1972,06,46.8,Y
IDCJAC0001,088123,1972,07,79.9,Y
IDCJAC0001,088123,1972,08,81.4,Y
IDCJAC0001,088123,1972,09,44.7,Y
IDCJAC0001,088123,1972,10,47.1,Y
IDCJAC0001,088123,1972,11,33.9,Y
IDCJAC0001,088123,1972,12,0.0,Y
IDCJAC0001,088123,1973,01,131.4,Y
IDCJAC0001,088123,1973,02,217.6,Y
IDCJAC0001,088123,1973,03,31.8,Y
IDCJAC0001,088123,1973,04,84.6,Y
IDCJAC0001,088123,1973,05,114.5,Y
IDCJAC0001,088123,1973,06,117.5,Y
IDCJAC0001,088123,1973,07,80.9,Y
IDCJAC0001,088123,1973,08,107.5,Y
IDCJAC0001,088123,1973,09,142.2,Y
IDCJAC0001,088123,1973,10,123.9,Y
IDCJAC0001,088123,1973,11,54.9,Y
IDCJAC0001,088123,1973,12,63.7,Y
IDCJAC0001,088123,1974,01,79.8,Y
IDCJAC0001,088123,1974,02,43.8,Y
IDCJAC0001,088123,1974,03,69.6,Y
IDCJAC0001,088123,1974,04,130.0,Y
IDCJAC0001,088123,1974,05,130.2,Y
IDCJAC0001,088123,1974,06,33.8,Y
IDCJAC0001,088123,1974,07,117.6,Y
IDCJAC0001,088123,1974,08,111.0,Y
IDCJAC0001,088123,1974,09,111.7,Y
IDCJAC0001,088123,1974,10,113.8,Y
IDCJAC0001,088123,1974,11,32.0,Y
IDCJAC0001,088123,1974,12,25.0,Y
IDCJAC0001,088123,1975,01,23.6,Y
IDCJAC0001,088123,1975,02,5.2,Y
IDCJAC0001,088123,1975,03,61.2,Y
IDCJAC0001,088123,1975,04,14.5,Y
IDCJAC0001,088123,1975,05,103.4,Y
IDCJAC0001,088123,1975,06,34.1,Y
IDCJAC0001,088123,1975,07,121.9,Y
IDCJAC0001,088123,1975,08,102.0,Y
IDCJAC0001,088123,1975,09,138.5,Y
IDCJAC0001,088123,1975,10,239.8,Y
IDCJAC0001,088123,1975,11,46.6,Y
IDCJAC0001,088123,1975,12,70.7,Y
IDCJAC0001,088123,1976,01,12.5,Y
IDCJAC0001,088123,1976,02,46.6,Y
IDCJAC0001,088123,1976,03,30.5,Y
IDCJAC0001,088123,1976,04,10.2,Y
IDCJAC0001,088123,1976,05,33.4,Y
IDCJAC0001,088123,1976,06,69.0,Y
IDCJAC0001,088123,1976,07,36.6,Y
IDCJAC0001,088123,1976,08,70.5,Y
IDCJAC0001,088123,1976,09,86.8,Y
IDCJAC0001,088123,1976,10,68.4,Y
IDCJAC0001,088123,1976,11,136.8,Y
IDCJAC0001,088123,1976,12,59.6,Y
IDCJAC0001,088123,1977,01,35.6,Y
IDCJAC0001,088123,1977,02,78.8,Y
IDCJAC0001,088123,1977,03,50.4,Y
IDCJAC0001,088123,1977,04,37.4,Y
IDCJAC0001,088123,1977,05,97.4,Y
IDCJAC0001,088123,1977,06,115.4,Y
IDCJAC0001,088123,1977,07,60.2,Y
IDCJAC0001,088123,1977,08,50.4,Y
IDCJAC0001,088123,1977,09,37.2,Y
IDCJAC0001,088123,1977,10,28.4,Y
IDCJAC0001,088123,1977,11,42.4,Y
IDCJAC0001,088123,1977,12,8.8,Y
IDCJAC0001,088123,1978,01,45.8,Y
IDCJAC0001,088123,1978,02,13.8,Y
IDCJAC0001,088123,1978,03,57.0,Y
IDCJAC0001,088123,1978,04,48.4,Y
IDCJAC0001,088123,1978,05,100.6,Y
IDCJAC0001,088123,1978,06,74.2,Y
IDCJAC0001,088123,1978,07,107.4,Y
IDCJAC0001,088123,1978,08,97.2,Y
IDCJAC0001,088123,1978,09,65.6,Y
IDCJAC0001,088123,1978,10,78.8,Y
IDCJAC0001,088123,1978,11,73.6,Y
IDCJAC0001,088123,1978,12,44.8,Y
IDCJAC0001,088123,1979,01,60.8,Y
IDCJAC0001,088123,1979,02,51.4,Y
IDCJAC0001,088123,1979,03,5.0,Y
IDCJAC0001,088123,1979,04,59.6,Y
IDCJAC0001,088123,1979,05,88.5,Y
IDCJAC0001,088123,1979,06,44.8,Y
IDCJAC0001,088123,1979,07,49.8,Y
IDCJAC0001,088123,1979,08,114.6,Y
IDCJAC0001,088123,1979,09,154.4,Y
IDCJAC0001,088123,1979,10,108.6,Y
IDCJAC0001,088123,1979,11,26.2,Y
IDCJAC0001,088123,1979,12,12.2,Y
IDCJAC0001,088123,1980,01,20.4,Y
IDCJAC0001,088123,1980,02,3.0,Y
IDCJAC0001,088123,1980,03,11.0,Y
IDCJAC0001,088123,1980,04,84.6,Y
IDCJAC0001,088123,1980,05,44.8,Y
IDCJAC0001,088123,1980,06,94.0,Y
IDCJAC0001,088123,1980,07,78.4,Y
IDCJAC0001,088123,1980,08,92.4,Y
IDCJAC0001,088123,1980,09,90.5,Y
IDCJAC0001,088123,1980,10,89.4,Y
IDCJAC0001,088123,1980,11,42.0,Y
IDCJAC0001,088123,1980,12,52.4,Y
IDCJAC0001,088123,1981,01,49.2,Y
IDCJAC0001,088123,1981,02,15.8,Y
IDCJAC0001,088123,1981,03,53.6,Y
IDCJAC0001,088123,1981,04,11.2,Y
IDCJAC0001,088123,1981,05,74.8,Y
IDCJAC0001,088123,1981,06,164.2,Y
IDCJAC0001,088123,1981,07,161.6,Y
IDCJAC0001,088123,1981,08,175.6,Y
IDCJAC0001,088123,1981,09,34.0,Y
IDCJAC0001,088123,1981,10,54.4,Y
IDCJAC0001,088123,1981,11,42.8,Y
IDCJAC0001,088123,1981,12,22.8,Y
IDCJAC0001,088123,1982,01,58.2,Y
IDCJAC0001,088123,1982,02,1.4,Y
IDCJAC0001,088123,1982,03,104.0,Y
IDCJAC0001,088123,1982,04,20.4,Y
IDCJAC0001,088123,1982,05,36.2,Y
IDCJAC0001,088123,1982,06,40.0,Y
IDCJAC0001,088123,1982,07,30.0,Y
IDCJAC0001,088123,1982,08,27.6,Y
IDCJAC0001,088123,1982,09,36.4,Y
IDCJAC0001,088123,1982,10,18.8,Y
IDCJAC0001,088123,1982,11,11.0,Y
IDCJAC0001,088123,1982,12,31.5,Y
IDCJAC0001,088123,1983,01,12.8,Y
IDCJAC0001,088123,1983,02,0.6,Y
IDCJAC0001,088123,1983,03,66.0,Y
IDCJAC0001,088123,1983,04,90.2,Y
IDCJAC0001,088123,1983,05,144.2,Y
IDCJAC0001,088123,1983,06,67.2,Y
IDCJAC0001,088123,1983,07,140.0,Y
IDCJAC0001,088123,1983,08,97.9,Y
IDCJAC0001,088123,1983,09,129.0,Y
IDCJAC0001,088123,1983,10,71.4,Y
IDCJAC0001,088123,1983,11,106.8,Y
IDCJAC0001,088123,1983,12,10.8,Y
IDCJAC0001,088123,1984,01,73.6,Y
IDCJAC0001,088123,1984,02,19.4,Y
IDCJAC0001,088123,1984,03,105.4,Y
IDCJAC0001,088123,1984,04,49.4,Y
IDCJAC0001,088123,1984,05,36.4,Y
IDCJAC0001,088123,1984,06,29.2,Y
IDCJAC0001,088123,1984,07,77.4,Y
IDCJAC0001,088123,1984,08,158.5,Y
IDCJAC0001,088123,1984,09,68.8,Y
IDCJAC0001,088123,1984,10,54.8,Y
IDCJAC0001,088123,1984,11,49.8,Y
IDCJAC0001,088123,1984,12,20.2,Y
IDCJAC0001,088123,1985,01,26.4,Y
IDCJAC0001,088123,1985,02,3.2,Y
IDCJAC0001,088123,1985,03,18.6,Y
IDCJAC0001,088123,1985,04,52.6,Y
IDCJAC0001,088123,1985,05,94.6,Y
IDCJAC0001,088123,1985,06,57.0,Y
IDCJAC0001,088123,1985,07,61.2,Y
IDCJAC0001,088123,1985,08,158.0,Y
IDCJAC0001,088123,1985,09,33.6,Y
IDCJAC0001,088123,1985,10,105.6,Y
IDCJAC0001,088123,1985,11,72.6,Y
IDCJAC0001,088123,1985,12,183.0,Y
IDCJAC0001,088123,1986,01,15.6,Y
IDCJAC0001,088123,1986,02,19.6,Y
IDCJAC0001,088123,1986,03,1.4,Y
IDCJAC0001,088123,1986,04,91.8,Y
IDCJAC0001,088123,1986,05,91.1,Y
IDCJAC0001,088123,1986,06,40.6,Y
IDCJAC0001,088123,1986,07,128.4,Y
IDCJAC0001,088123,1986,08,86.2,Y
IDCJAC0001,088123,1986,09,73.2,Y
IDCJAC0001,088123,1986,10,145.8,Y
IDCJAC0001,088123,1986,11,13.6,Y
IDCJAC0001,088123,1986,12,71.2,Y
IDCJAC0001,088123,1987,01,23.8,Y
IDCJAC0001,088123,1987,02,36.0,Y
IDCJAC0001,088123,1987,03,27.7,Y
IDCJAC0001,088123,1987,04,34.9,Y
IDCJAC0001,088123,1987,05,142.0,Y
IDCJAC0001,088123,1987,06,154.8,Y
IDCJAC0001,088123,1987,07,88.0,Y
IDCJAC0001,088123,1987,08,69.8,Y
IDCJAC0001,088123,1987,09,38.2,Y
IDCJAC0001,088123,1987,10,55.2,Y
IDCJAC0001,088123,1987,11,50.4,Y
IDCJAC0001,088123,1987,12,70.4,Y
IDCJAC0001,088123,1988,01,81.6,Y
IDCJAC0001,088123,1988,02,11.0,Y
IDCJAC0001,088123,1988,03,13.0,Y
IDCJAC0001,088123,1988,04,23.8,Y
IDCJAC0001,088123,1988,05,132.0,Y
IDCJAC0001,088123,1988,06,129.8,Y
IDCJAC0001,088123,1988,07,113.8,Y
IDCJAC0001,088123,1988,08,66.6,Y
IDCJAC0001,088123,1988,09,99.2,Y
IDCJAC0001,088123,1988,10,61.6,Y
IDCJAC0001,088123,1988,11,86.8,Y
IDCJAC0001,088123,1988,12,76.8,Y
IDCJAC0001,088123,1989,01,21.4,Y
IDCJAC0001,088123,1989,02,11.2,Y
IDCJAC0001,088123,1989,03,126.6,Y
IDCJAC0001,088123,1989,04,134.2,Y
IDCJAC0001,088123,1989,05,102.8,Y
IDCJAC0001,088123,1989,06,113.6,Y
IDCJAC0001,088123,1989,07,93.2,Y
IDCJAC0001,088123,1989,08,97.2,Y
IDCJAC0001,088123,1989,09,67.2,Y
IDCJAC0001,088123,1989,10,124.2,Y
IDCJAC0001,088123,1989,11,17.2,Y
IDCJAC0001,088123,1989,12,24.0,Y
IDCJAC0001,088123,1990,01,8.2,Y
IDCJAC0001,088123,1990,02,91.6,Y
IDCJAC0001,088123,1990,03,22.4,Y
IDCJAC0001,088123,1990,04,78.2,Y
IDCJAC0001,088123,1990,05,21.6,Y
IDCJAC0001,088123,1990,06,95.6,Y
IDCJAC0001,088123,1990,07,170.2,Y
IDCJAC0001,088123,1990,08,102.6,Y
IDCJAC0001,088123,1990,09,46.4,Y
IDCJAC0001,088123,1990,10,66.8,Y
IDCJAC0001,088123,1990,11,29.4,Y
IDCJAC0001,088123,1990,12,26.6,Y
IDCJAC0001,088123,1991,01,61.8,Y
IDCJAC0001,088123,1991,02,0.0,Y
IDCJAC0001,088123,1991,03,15.8,Y
IDCJAC0001,088123,1991,04,24.6,Y
IDCJAC0001,088123,1991,05,11.8,Y
IDCJAC0001,088123,1991,06,199.8,Y
IDCJAC0001,088123,1991,07,75.6,Y
IDCJAC0001,088123,1991,08,130.6,Y
IDCJAC0001,088123,1991,09,99.2,Y
IDCJAC0001,088123,1991,10,11.2,Y
IDCJAC0001,088123,1991,11,29.4,Y
IDCJAC0001,088123,1991,12,76.2,Y
IDCJAC0001,088123,1992,01,24.4,Y
IDCJAC0001,088123,1992,02,10.8,Y
IDCJAC0001,088123,1992,03,21.8,Y
IDCJAC0001,088123,1992,04,58.2,Y
IDCJAC0001,088123,1992,05,123.0,Y
IDCJAC0001,088123,1992,06,81.8,Y
IDCJAC0001,088123,1992,07,48.8,Y
IDCJAC0001,088123,1992,08,128.6,Y
IDCJAC0001,088123,1992,09,135.2,Y
IDCJAC0001,088123,1992,10,151.2,Y
IDCJAC0001,088123,1992,11,106.6,Y
IDCJAC0001,088123,1992,12,113.2,Y
IDCJAC0001,088123,1993,01,117.8,Y
IDCJAC0001,088123,1993,02,50.4,Y
IDCJAC0001,088123,1993,03,54.6,Y
IDCJAC0001,088123,1993,04,8.2,Y
IDCJAC0001,088123,1993,05,61.2,Y
IDCJAC0001,088123,1993,06,45.8,Y
IDCJAC0001,088123,1993,07,122.0,Y
IDCJAC0001,088123,1993,08,92.6,Y
IDCJAC0001,088123,1993,09,188.6,Y
IDCJAC0001,088123,1993,10,76.2,Y
IDCJAC0001,088123,1993,11,81.2,Y
IDCJAC0001,088123,1993,12,91.4,Y
IDCJAC0001,088123,1994,01,50.0,Y
IDCJAC0001,088123,1994,02,79.6,Y
IDCJAC0001,088123,1994,03,4.4,Y
IDCJAC0001,088123,1994,04,11.4,Y
IDCJAC0001,088123,1994,05,74.2,Y
IDCJAC0001,088123,1994,06,121.0,Y
IDCJAC0001,088123,1994,07,11.2,Y
IDCJAC0001,088123,1994,08,38.6,Y
IDCJAC0001,088123,1994,09,24.0,Y
IDCJAC0001,088123,1994,10,28.0,Y
IDCJAC0001,088123,1994,11,33.0,Y
IDCJAC0001,088123,1994,12,3.8,Y
IDCJAC0001,088123,1995,01,78.6,Y
IDCJAC0001,088123,1995,02,33.4,Y
IDCJAC0001,088123,1995,03,31.0,Y
IDCJAC0001,088123,1995,04,85.6,Y
IDCJAC0001,088123,1995,05,110.0,Y
IDCJAC0001,088123,1995,06,171.4,Y
IDCJAC0001,088123,1995,07,128.6,Y
IDCJAC0001,088123,1995,08,32.8,Y
IDCJAC0001,088123,1995,09,46.4,Y
IDCJAC0001,088123,1995,10,85.2,Y
IDCJAC0001,088123,1995,11,59.4,Y
IDCJAC0001,088123,1995,12,19.6,Y
IDCJAC0001,088123,1996,01,84.4,Y
IDCJAC0001,088123,1996,02,83.2,Y
IDCJAC0001,088123,1996,03,59.0,Y
IDCJAC0001,088123,1996,04,42.0,Y
IDCJAC0001,088123,1996,05,44.2,Y
IDCJAC0001,088123,1996,06,189.6,Y
IDCJAC0001,088123,1996,07,105.2,Y
IDCJAC0001,088123,1996,08,115.2,Y
IDCJAC0001,088123,1996,09,119.2,Y
IDCJAC0001,088123,1996,10,54.8,Y
IDCJAC0001,088123,1996,11,38.2,Y
IDCJAC0001,088123,1996,12,30.0,Y
IDCJAC0001,088123,1997,01,29.4,Y
IDCJAC0001,088123,1997,02,0.0,Y
IDCJAC0001,088123,1997,03,11.2,Y
IDCJAC0001,088123,1997,04,13.6,Y
IDCJAC0001,088123,1997,05,98.8,Y
IDCJAC0001,088123,1997,06,40.4,Y
IDCJAC0001,088123,1997,07,24.8,Y
IDCJAC0001,088123,1997,08,85.4,Y
IDCJAC0001,088123,1997,09,91.4,Y
IDCJAC0001,088123,1997,10,26.8,Y
IDCJAC0001,088123,1997,11,85.4,Y
IDCJAC0001,088123,1997,12,4.4,Y
IDCJAC0001,088123,1998,01,33.0,Y
IDCJAC0001,088123,1998,02,29.0,Y
IDCJAC0001,088123,1998,03,2.6,Y
IDCJAC0001,088123,1998,04,86.8,Y
IDCJAC0001,088123,1998,05,31.4,Y
IDCJAC0001,088123,1998,06,49.4,Y
IDCJAC0001,088123,1998,07,107.8,Y
IDCJAC0001,088123,1998,08,43.8,Y
IDCJAC0001,088123,1998,09,78.2,Y
IDCJAC0001,088123,1998,10,61.6,Y
IDCJAC0001,088123,1998,11,91.6,N
IDCJAC0001,088123,1998,12,24.2,Y
IDCJAC0001,088123,1999,01,24.2,Y
IDCJAC0001,088123,1999,02,19.2,Y
IDCJAC0001,088123,1999,03,65.4,Y
IDCJAC0001,088123,1999,04,6.4,Y
IDCJAC0001,088123,1999,05,105.8,Y
IDCJAC0001,088123,1999,06,70.6,Y
IDCJAC0001,088123,1999,07,59.2,Y
IDCJAC0001,088123,1999,08,103.4,Y
IDCJAC0001,088123,1999,09,50.0,Y
IDCJAC0001,088123,1999,10,65.2,Y
IDCJAC0001,088123,1999,11,41.0,Y
IDCJAC0001,088123,1999,12,142.0,Y
IDCJAC0001,088123,2000,01,40.2,Y
IDCJAC0001,088123,2000,02,116.0,Y
IDCJAC0001,088123,2000,03,20.6,Y
IDCJAC0001,088123,2000,04,43.4,Y
IDCJAC0001,088123,2000,05,89.4,Y
IDCJAC0001,088123,2000,06,56.2,Y
IDCJAC0001,088123,2000,07,92.0,Y
IDCJAC0001,088123,2000,08,66.6,Y
IDCJAC0001,088123,2000,09,129.8,Y
IDCJAC0001,088123,2000,10,136.4,Y
IDCJAC0001,088123,2000,11,80.0,Y
IDCJAC0001,088123,2000,12,33.6,Y
IDCJAC0001,088123,2001,01,18.8,Y
IDCJAC0001,088123,2001,02,10.0,Y
IDCJAC0001,088123,2001,03,68.2,Y
IDCJAC0001,088123,2001,04,28.8,Y
IDCJAC0001,088123,2001,05,20.6,Y
IDCJAC0001,088123,2001,06,71.4,Y
IDCJAC0001,088123,2001,08,103.6,Y
IDCJAC0001,088123,2001,09,52.4,Y
IDCJAC0001,088123,2001,11,39.8,Y
IDCJAC0001,088123,2001,12,25.2,Y
IDCJAC0001,088123,2002,01,32.8,Y
IDCJAC0001,088123,2002,02,59.8,Y
IDCJAC0001,088123,2002,03,22.2,Y
IDCJAC0001,088123,2002,04,38.0,Y
IDCJAC0001,088123,2002,05,39.8,Y
IDCJAC0001,088123,2002,06,91.8,Y
IDCJAC0001,088123,2002,07,47.4,Y
IDCJAC0001,088123,2002,08,46.8,Y
IDCJAC0001,088123,2002,09,48.2,Y
IDCJAC0001,088123,2002,10,34.6,Y
IDCJAC0001,088123,2002,11,44.8,Y
IDCJAC0001,088123,2002,12,30.2,Y
IDCJAC0001,088123,2003,01,22.6,Y
IDCJAC0001,088123,2003,02,42.0,Y
IDCJAC0001,088123,2003,03,9.2,Y
IDCJAC0001,088123,2003,04,58.8,Y
IDCJAC0001,088123,2003,05,38.8,Y
IDCJAC0001,088123,2003,06,77.0,Y
IDCJAC0001,088123,2003,07,94.4,Y
IDCJAC0001,088123,2003,08,138.4,Y
IDCJAC0001,088123,2003,09,59.6,Y
IDCJAC0001,088123,2003,10,73.2,Y
IDCJAC0001,088123,2003,11,21.8,Y
IDCJAC0001,088123,2003,12,70.6,Y
IDCJAC0001,088123,2004,01,29.8,Y
IDCJAC0001,088123,2004,02,5.6,Y
IDCJAC0001,088123,2004,03,17.4,Y
IDCJAC0001,088123,2004,04,17.6,Y
IDCJAC0001,088123,2004,05,49.8,Y
IDCJAC0001,088123,2004,06,110.8,Y
IDCJAC0001,088123,2004,07,94.2,Y
IDCJAC0001,088123,2004,08,72.4,Y
IDCJAC0001,088123,2004,09,76.0,Y
IDCJAC0001,088123,2004,10,24.8,Y
IDCJAC0001,088123,2004,11,109.0,Y
IDCJAC0001,088123,2004,12,62.2,Y
IDCJAC0001,088123,2005,01,51.8,Y
IDCJAC0001,088123,2005,02,79.8,Y
IDCJAC0001,088123,2005,03,4.4,Y
IDCJAC0001,088123,2005,04,17.0,Y
IDCJAC0001,088123,2005,05,17.6,Y
IDCJAC0001,088123,2005,06,125.2,Y
IDCJAC0001,088123,2005,07,55.0,Y
IDCJAC0001,088123,2005,08,108.4,Y
IDCJAC0001,088123,2005,09,53.8,Y
IDCJAC0001,088123,2005,10,81.2,Y
IDCJAC0001,088123,2005,11,54.0,Y
IDCJAC0001,088123,2005,12,47.8,Y
IDCJAC0001,088123,2006,01,51.6,Y
IDCJAC0001,088123,2006,02,19.0,Y
IDCJAC0001,088123,2006,03,20.6,Y
IDCJAC0001,088123,2006,04,45.8,Y
IDCJAC0001,088123,2006,06,19.8,Y
IDCJAC0001,088123,2006,07,97.8,Y
IDCJAC0001,088123,2006,08,31.4,Y
IDCJAC0001,088123,2006,09,47.6,Y
IDCJAC0001,088123,2006,10,6.4,Y
IDCJAC0001,088123,2006,11,34.2,Y
IDCJAC0001,088123,2006,12,17.4,Y
IDCJAC0001,088123,2007,01,83.6,Y
IDCJAC0001,088123,2007,02,22.2,Y
IDCJAC0001,088123,2007,03,40.4,Y
IDCJAC0001,088123,2007,04,46.2,Y
IDCJAC0001,088123,2007,05,121.2,Y
IDCJAC0001,088123,2007,06,59.6,Y
IDCJAC0001,088123,2007,07,84.0,Y
IDCJAC0001,088123,2007,08,36.0,Y
IDCJAC0001,088123,2007,09,49.6,Y
IDCJAC0001,088123,2007,10,14.4,Y
IDCJAC0001,088123,2007,11,62.4,Y
IDCJAC0001,088123,2007,12,83.6,Y
IDCJAC0001,088123,2008,01,25.0,Y
IDCJAC0001,088123,2008,02,19.0,Y
IDCJAC0001,088123,2008,03,24.8,Y
IDCJAC0001,088123,2008,04,21.8,Y
IDCJAC0001,088123,2008,05,39.2,Y
IDCJAC0001,088123,2008,06,51.4,Y
IDCJAC0001,088123,2008,07,103.6,Y
IDCJAC0001,088123,2008,08,61.6,Y
IDCJAC0001,088123,2008,09,28.4,Y
IDCJAC0001,088123,2008,10,10.6,Y
IDCJAC0001,088123,2008,11,66.0,Y
IDCJAC0001,088123,2008,12,77.2,Y
IDCJAC0001,088123,2009,01,0.0,Y
IDCJAC0001,088123,2009,02,3.0,Y
IDCJAC0001,088123,2009,03,27.8,Y
IDCJAC0001,088123,2009,04,34.2,Y
IDCJAC0001,088123,2009,05,26.4,Y
IDCJAC0001,088123,2009,06,66.6,Y
IDCJAC0001,088123,2009,07,81.0,Y
IDCJAC0001,088123,2009,08,99.6,Y
IDCJAC0001,088123,2009,09,92.6,Y
IDCJAC0001,088123,2009,10,33.6,Y
IDCJAC0001,088123,2009,11,78.0,Y
IDCJAC0001,088123,2009,12,39.0,Y
IDCJAC0001,088123,2010,01,28.2,Y
IDCJAC0001,088123,2010,02,54.4,Y
IDCJAC0001,088123,2010,03,79.6,Y
IDCJAC0001,088123,2010,04,52.8,Y
IDCJAC0001,088123,2010,05,46.6,Y
IDCJAC0001,088123,2010,06,91.4,Y
IDCJAC0001,088123,2010,07,80.0,Y
IDCJAC0001,088123,2010,08,115.2,Y
IDCJAC0001,088123,2010,09,119.8,Y
IDCJAC0001,088123,2010,10,152.2,Y
IDCJAC0001,088123,2010,11,162.6,Y
IDCJAC0001,088123,2010,12,79.0,Y
IDCJAC0001,088123,2011,01,284.2,Y
IDCJAC0001,088123,2011,02,112.6,Y
IDCJAC0001,088123,2011,03,26.2,Y
IDCJAC0001,088123,2011,04,48.0,Y
IDCJAC0001,088123,2011,05,57.6,Y
IDCJAC0001,088123,2011,06,64.0,Y
IDCJAC0001,088123,2011,07,82.5,Y
IDCJAC0001,088123,2011,08,59.0,Y
IDCJAC0001,088123,2011,09,78.0,Y
IDCJAC0001,088123,2011,10,57.0,Y
IDCJAC0001,088123,2011,11,54.8,Y
IDCJAC0001,088123,2011,12,64.8,Y
IDCJAC0001,088123,2012,01,27.9,Y
IDCJAC0001,088123,2012,02,93.0,Y
IDCJAC0001,088123,2012,03,79.4,Y
IDCJAC0001,088123,2012,04,24.6,Y
IDCJAC0001,088123,2012,05,36.0,Y
IDCJAC0001,088123,2012,06,102.2,Y
IDCJAC0001,088123,2012,07,95.8,Y
IDCJAC0001,088123,2012,08,87.2,Y
IDCJAC0001,088123,2012,09,53.2,Y
IDCJAC0001,088123,2012,10,13.6,Y
IDCJAC0001,088123,2012,11,25.8,Y
IDCJAC0001,088123,2012,12,22.2,Y
IDCJAC0001,088123,2013,01,0.0,Y
IDCJAC0001,088123,2013,02,78.8,Y
IDCJAC0001,088123,2013,03,34.8,Y
IDCJAC0001,088123,2013,04,14.2,Y
IDCJAC0001,088123,2013,05,44.8,Y
IDCJAC0001,088123,2013,06,107.2,Y
IDCJAC0001,088123,2013,07,102.0,Y
IDCJAC0001,088123,2013,08,126.8,Y
IDCJAC0001,088123,2013,09,90.8,Y
IDCJAC0001,088123,2013,10,65.8,Y
IDCJAC0001,088123,2013,11,28.8,Y
IDCJAC0001,088123,2013,12,26.4,Y
IDCJAC0001,088123,2014,01,23.2,Y
IDCJAC0001,088123,2014,02,11.2,Y
IDCJAC0001,088123,2014,03,51.0,Y
IDCJAC0001,088123,2014,04,59.0,Y
IDCJAC0001,088123,2014,05,39.0,Y
IDCJAC0001,088123,2014,06,113.4,Y
IDCJAC0001,088123,2014,07,78.6,Y
IDCJAC0001,088123,2014,08,24.4,Y
IDCJAC0001,088123,2014,09,44.6,Y
IDCJAC0001,088123,2014,10,29.4,Y
IDCJAC0001,088123,2014,11,37.6,Y
IDCJAC0001,088123,2014,12,19.0,Y
IDCJAC0001,088123,2015,01,55.6,Y
IDCJAC0001,088123,2015,02,37.6,Y
IDCJAC0001,088123,2015,03,24.6,Y
IDCJAC0001,088123,2015,04,24.4,Y
IDCJAC0001,088123,2015,05,65.0,Y
IDCJAC0001,088123,2015,06,28.0,Y
IDCJAC0001,088123,2015,07,80.0,Y
IDCJAC0001,088123,2015,08,33.2,Y
IDCJAC0001,088123,2015,09,41.6,Y
IDCJAC0001,088123,2015,11,48.8,Y
IDCJAC0001,088123,2015,12,31.8,Y
IDCJAC0001,088123,2016,01,37.2,Y
IDCJAC0001,088123,2016,02,13.2,Y
IDCJAC0001,088123,2016,03,41.9,Y
IDCJAC0001,088123,2016,04,36.2,Y
IDCJAC0001,088123,2016,05,114.0,Y
IDCJAC0001,088123,2016,06,92.6,Y
IDCJAC0001,088123,2016,07,140.2,Y
IDCJAC0001,088123,2016,08,84.8,Y
IDCJAC0001,088123,2016,09,186.8,Y
IDCJAC0001,088123,2016,10,105.8,Y
IDCJAC0001,088123,2016,11,51.8,Y
IDCJAC0001,088123,2016,12,50.0,Y
IDCJAC0001,088123,2017,01,26.2,Y
IDCJAC0001,088123,2017,02,18.6,Y
IDCJAC0001,088123,2017,03,25.6,Y
IDCJAC0001,088123,2017,04,167.2,Y
IDCJAC0001,088123,2017,05,47.4,Y
IDCJAC0001,088123,2017,06,10.2,Y
IDCJAC0001,088123,2017,07,66.8,Y
IDCJAC0001,088123,2017,08,100.2,Y
IDCJAC0001,088123,2017,09,55.6,Y
IDCJAC0001,088123,2017,10,42.8,Y
IDCJAC0001,088123,2017,11,75.4,Y
IDCJAC0001,088123,2017,12,44.8,Y
IDCJAC0001,088123,2018,01,60.4,Y
IDCJAC0001,088123,2018,02,9.0,Y
IDCJAC0001,088123,2018,03,34.0,Y
IDCJAC0001,088123,2018,04,28.8,Y
IDCJAC0001,088123,2018,05,83.6,Y
IDCJAC0001,088123,2018,06,71.6,Y
IDCJAC0001,088123,2018,07,75.2,Y
IDCJAC0001,088123,2018,08,70.0,N
IDCJAC0001,088123,2018,09,13.9,Y
IDCJAC0001,088123,2018,10,45.4,N
IDCJAC0001,088123,2018,12,63.0,N
IDCJAC0001,088123,2019,01,10.4,N
IDCJAC0001,088123,2019,02,13.8,Y
IDCJAC0001,088123,2019,03,10.4,N
IDCJAC0001,088123,2019,04,2.8,Y
IDCJAC0001,088123,2019,05,113.0,Y
IDCJAC0001,088123,2019,06,125.0,N
IDCJAC0001,088123,2019,07,56.5,N
IDCJAC0001,088123,2019,08,67.0,N
IDCJAC0001,088123,2019,09,31.6,N
IDCJAC0001,088123,2019,10,12.0,N
IDCJAC0001,088123,2019,11,47.0,N
IDCJAC0001,088123,2019,12,14.8,N
